system:index,NO2_column_number_density,data_source,date_end,date_start,latitude,longitude,pollutant,region_name,resolution_km,season,season_name,unit,.geo
0_0,1.078414179801976E-4,Sentinel-5P,2024-03-15,2023-11-15,,,NO2,Kartal,3,DJF,Winter,mol/m2,"{""geodesic"":false,""type"":""Point"",""coordinates"":[29.172788851781462,40.86885385101763]}"
0_1,1.1218850045670184E-4,Sentinel-5P,2024-03-15,2023-11-15,,,NO2,Kartal,3,DJF,Winter,mol/m2,"{""geodesic"":false,""type"":""Point"",""coordinates"":[29.199738310305047,40.86885385101763]}"
0_2,1.1150488843166876E-4,Sentinel-5P,2024-03-15,2023-11-15,,,NO2,Kartal,3,DJF,Winter,mol/m2,"{""geodesic"":false,""type"":""Point"",""coordinates"":[29.226687768828633,40.86885385101763]}"
0_3,1.2400597806762976E-4,Sentinel-5P,2024-03-15,2023-11-15,,,NO2,Kartal,3,DJF,Winter,mol/m2,"{""geodesic"":false,""type"":""Point"",""coordinates"":[29.25363722735222,40.86885385101763]}"
0_4,1.2114473462301912E-4,Sentinel-5P,2024-03-15,2023-11-15,,,NO2,Kartal,3,DJF,Winter,mol/m2,"{""geodesic"":false,""type"":""Point"",""coordinates"":[29.280586685875804,40.86885385101763]}"
0_5,1.2061825676921771E-4,Sentinel-5P,2024-03-15,2023-11-15,,,NO2,Kartal,3,DJF,Winter,mol/m2,"{""geodesic"":false,""type"":""Point"",""coordinates"":[29.30753614439939,40.86885385101763]}"
0_6,1.2136066559947672E-4,Sentinel-5P,2024-03-15,2023-11-15,,,NO2,Kartal,3,DJF,Winter,mol/m2,"{""geodesic"":false,""type"":""Point"",""coordinates"":[29.334485602922975,40.86885385101763]}"
0_7,1.1238691474423804E-4,Sentinel-5P,2024-03-15,2023-11-15,,,NO2,Kartal,3,DJF,Winter,mol/m2,"{""geodesic"":false,""type"":""Point"",""coordinates"":[29.172788851781462,40.895803309541215]}"
0_8,1.1233343723209743E-4,Sentinel-5P,2024-03-15,2023-11-15,,,NO2,Kartal,3,DJF,Winter,mol/m2,"{""geodesic"":false,""type"":""Point"",""coordinates"":[29.199738310305047,40.895803309541215]}"
0_9,1.1239737983253328E-4,Sentinel-5P,2024-03-15,2023-11-15,,,NO2,Kartal,3,DJF,Winter,mol/m2,"{""geodesic"":false,""type"":""Point"",""coordinates"":[29.226687768828633,40.895803309541215]}"
0_10,1.2398819674965545E-4,Sentinel-5P,2024-03-15,2023-11-15,,,NO2,Kartal,3,DJF,Winter,mol/m2,"{""geodesic"":false,""type"":""Point"",""coordinates"":[29.25363722735222,40.895803309541215]}"
0_11,1.2138350263533682E-4,Sentinel-5P,2024-03-15,2023-11-15,,,NO2,Kartal,3,DJF,Winter,mol/m2,"{""geodesic"":false,""type"":""Point"",""coordinates"":[29.280586685875804,40.895803309541215]}"
0_12,1.2376452780711513E-4,Sentinel-5P,2024-03-15,2023-11-15,,,NO2,Kartal,3,DJF,Winter,mol/m2,"{""geodesic"":false,""type"":""Point"",""coordinates"":[29.30753614439939,40.895803309541215]}"
0_13,1.2356460826118854E-4,Sentinel-5P,2024-03-15,2023-11-15,,,NO2,Kartal,3,DJF,Winter,mol/m2,"{""geodesic"":false,""type"":""Point"",""coordinates"":[29.334485602922975,40.895803309541215]}"
0_14,1.1798262636350685E-4,Sentinel-5P,2024-03-15,2023-11-15,,,NO2,Kartal,3,DJF,Winter,mol/m2,"{""geodesic"":false,""type"":""Point"",""coordinates"":[29.172788851781462,40.922752768064804]}"
0_15,1.1484945243380368E-4,Sentinel-5P,2024-03-15,2023-11-15,,,NO2,Kartal,3,DJF,Winter,mol/m2,"{""geodesic"":false,""type"":""Point"",""coordinates"":[29.199738310305047,40.922752768064804]}"
0_16,1.0900383388599514E-4,Sentinel-5P,2024-03-15,2023-11-15,,,NO2,Kartal,3,DJF,Winter,mol/m2,"{""geodesic"":false,""type"":""Point"",""coordinates"":[29.226687768828633,40.922752768064804]}"
0_17,1.0860509848165456E-4,Sentinel-5P,2024-03-15,2023-11-15,,,NO2,Kartal,3,DJF,Winter,mol/m2,"{""geodesic"":false,""type"":""Point"",""coordinates"":[29.25363722735222,40.922752768064804]}"
0_18,1.1680062999273123E-4,Sentinel-5P,2024-03-15,2023-11-15,,,NO2,Kartal,3,DJF,Winter,mol/m2,"{""geodesic"":false,""type"":""Point"",""coordinates"":[29.280586685875804,40.922752768064804]}"
0_19,1.1998429027426992E-4,Sentinel-5P,2024-03-15,2023-11-15,,,NO2,Kartal,3,DJF,Winter,mol/m2,"{""geodesic"":false,""type"":""Point"",""coordinates"":[29.30753614439939,40.922752768064804]}"
0_20,1.2047416504495437E-4,Sentinel-5P,2024-03-15,2023-11-15,,,NO2,Kartal,3,DJF,Winter,mol/m2,"{""geodesic"":false,""type"":""Point"",""coordinates"":[29.334485602922975,40.922752768064804]}"
0_21,1.1968680780427889E-4,Sentinel-5P,2024-03-15,2023-11-15,,,NO2,Kartal,3,DJF,Winter,mol/m2,"{""geodesic"":false,""type"":""Point"",""coordinates"":[29.172788851781462,40.94970222658839]}"
0_22,1.1703687052763637E-4,Sentinel-5P,2024-03-15,2023-11-15,,,NO2,Kartal,3,DJF,Winter,mol/m2,"{""geodesic"":false,""type"":""Point"",""coordinates"":[29.199738310305047,40.94970222658839]}"
0_23,1.0840223260970253E-4,Sentinel-5P,2024-03-15,2023-11-15,,,NO2,Kartal,3,DJF,Winter,mol/m2,"{""geodesic"":false,""type"":""Point"",""coordinates"":[29.226687768828633,40.94970222658839]}"
0_24,1.0818502828978609E-4,Sentinel-5P,2024-03-15,2023-11-15,,,NO2,Kartal,3,DJF,Winter,mol/m2,"{""geodesic"":false,""type"":""Point"",""coordinates"":[29.25363722735222,40.94970222658839]}"
0_25,1.162660868102323E-4,Sentinel-5P,2024-03-15,2023-11-15,,,NO2,Kartal,3,DJF,Winter,mol/m2,"{""geodesic"":false,""type"":""Point"",""coordinates"":[29.280586685875804,40.94970222658839]}"
0_26,1.1520945705543483E-4,Sentinel-5P,2024-03-15,2023-11-15,,,NO2,Kartal,3,DJF,Winter,mol/m2,"{""geodesic"":false,""type"":""Point"",""coordinates"":[29.30753614439939,40.94970222658839]}"
0_27,1.13498125133889E-4,Sentinel-5P,2024-03-15,2023-11-15,,,NO2,Kartal,3,DJF,Winter,mol/m2,"{""geodesic"":false,""type"":""Point"",""coordinates"":[29.334485602922975,40.94970222658839]}"
1_0,1.1589794493813728E-4,Sentinel-5P,2024-03-15,2023-11-15,,,NO2,Kağıthane,3,DJF,Winter,mol/m2,"{""geodesic"":false,""type"":""Point"",""coordinates"":[28.95719318359278,41.165297894777076]}"
1_1,1.1579674680287159E-4,Sentinel-5P,2024-03-15,2023-11-15,,,NO2,Kağıthane,3,DJF,Winter,mol/m2,"{""geodesic"":false,""type"":""Point"",""coordinates"":[28.984142642116364,41.165297894777076]}"
1_2,1.1783464619112826E-4,Sentinel-5P,2024-03-15,2023-11-15,,,NO2,Kağıthane,3,DJF,Winter,mol/m2,"{""geodesic"":false,""type"":""Point"",""coordinates"":[29.01109210063995,41.165297894777076]}"
1_3,1.2017348107509109E-4,Sentinel-5P,2024-03-15,2023-11-15,,,NO2,Kağıthane,3,DJF,Winter,mol/m2,"{""geodesic"":false,""type"":""Point"",""coordinates"":[29.038041559163535,41.165297894777076]}"
1_4,1.1506870931271856E-4,Sentinel-5P,2024-03-15,2023-11-15,,,NO2,Kağıthane,3,DJF,Winter,mol/m2,"{""geodesic"":false,""type"":""Point"",""coordinates"":[29.06499101768712,41.165297894777076]}"
1_5,1.1581800652614348E-4,Sentinel-5P,2024-03-15,2023-11-15,,,NO2,Kağıthane,3,DJF,Winter,mol/m2,"{""geodesic"":false,""type"":""Point"",""coordinates"":[29.091940476210706,41.165297894777076]}"
1_6,1.1283096755282324E-4,Sentinel-5P,2024-03-15,2023-11-15,,,NO2,Kağıthane,3,DJF,Winter,mol/m2,"{""geodesic"":false,""type"":""Point"",""coordinates"":[28.95719318359278,41.19224735330066]}"
1_7,1.0781560584478452E-4,Sentinel-5P,2024-03-15,2023-11-15,,,NO2,Kağıthane,3,DJF,Winter,mol/m2,"{""geodesic"":false,""type"":""Point"",""coordinates"":[28.984142642116364,41.19224735330066]}"
1_8,1.1353789653269805E-4,Sentinel-5P,2024-03-15,2023-11-15,,,NO2,Kağıthane,3,DJF,Winter,mol/m2,"{""geodesic"":false,""type"":""Point"",""coordinates"":[29.01109210063995,41.19224735330066]}"
1_9,1.1419995537767719E-4,Sentinel-5P,2024-03-15,2023-11-15,,,NO2,Kağıthane,3,DJF,Winter,mol/m2,"{""geodesic"":false,""type"":""Point"",""coordinates"":[29.038041559163535,41.19224735330066]}"
1_10,1.162350178612314E-4,Sentinel-5P,2024-03-15,2023-11-15,,,NO2,Kağıthane,3,DJF,Winter,mol/m2,"{""geodesic"":false,""type"":""Point"",""coordinates"":[29.06499101768712,41.19224735330066]}"
1_11,1.177766153429992E-4,Sentinel-5P,2024-03-15,2023-11-15,,,NO2,Kağıthane,3,DJF,Winter,mol/m2,"{""geodesic"":false,""type"":""Point"",""coordinates"":[29.091940476210706,41.19224735330066]}"
1_12,1.1327479296595956E-4,Sentinel-5P,2024-03-15,2023-11-15,,,NO2,Kağıthane,3,DJF,Winter,mol/m2,"{""geodesic"":false,""type"":""Point"",""coordinates"":[28.95719318359278,41.21919681182425]}"
1_13,1.1309122341557774E-4,Sentinel-5P,2024-03-15,2023-11-15,,,NO2,Kağıthane,3,DJF,Winter,mol/m2,"{""geodesic"":false,""type"":""Point"",""coordinates"":[28.984142642116364,41.21919681182425]}"
1_14,1.0981634445237838E-4,Sentinel-5P,2024-03-15,2023-11-15,,,NO2,Kağıthane,3,DJF,Winter,mol/m2,"{""geodesic"":false,""type"":""Point"",""coordinates"":[29.01109210063995,41.21919681182425]}"
1_15,1.1191679732290086E-4,Sentinel-5P,2024-03-15,2023-11-15,,,NO2,Kağıthane,3,DJF,Winter,mol/m2,"{""geodesic"":false,""type"":""Point"",""coordinates"":[29.038041559163535,41.21919681182425]}"
1_16,1.1146820797731477E-4,Sentinel-5P,2024-03-15,2023-11-15,,,NO2,Kağıthane,3,DJF,Winter,mol/m2,"{""geodesic"":false,""type"":""Point"",""coordinates"":[29.06499101768712,41.21919681182425]}"
1_17,1.1898562966865248E-4,Sentinel-5P,2024-03-15,2023-11-15,,,NO2,Kağıthane,3,DJF,Winter,mol/m2,"{""geodesic"":false,""type"":""Point"",""coordinates"":[29.091940476210706,41.21919681182425]}"
1_18,1.1774366017610852E-4,Sentinel-5P,2024-03-15,2023-11-15,,,NO2,Kağıthane,3,DJF,Winter,mol/m2,"{""geodesic"":false,""type"":""Point"",""coordinates"":[28.95719318359278,41.24614627034783]}"
1_19,1.2124156349656819E-4,Sentinel-5P,2024-03-15,2023-11-15,,,NO2,Kağıthane,3,DJF,Winter,mol/m2,"{""geodesic"":false,""type"":""Point"",""coordinates"":[28.984142642116364,41.24614627034783]}"
1_20,1.2003626160426352E-4,Sentinel-5P,2024-03-15,2023-11-15,,,NO2,Kağıthane,3,DJF,Winter,mol/m2,"{""geodesic"":false,""type"":""Point"",""coordinates"":[29.01109210063995,41.24614627034783]}"
1_21,1.1412910535371214E-4,Sentinel-5P,2024-03-15,2023-11-15,,,NO2,Kağıthane,3,DJF,Winter,mol/m2,"{""geodesic"":false,""type"":""Point"",""coordinates"":[29.038041559163535,41.24614627034783]}"
1_22,1.1513267280640156E-4,Sentinel-5P,2024-03-15,2023-11-15,,,NO2,Kağıthane,3,DJF,Winter,mol/m2,"{""geodesic"":false,""type"":""Point"",""coordinates"":[29.06499101768712,41.24614627034783]}"
1_23,1.1349697355569399E-4,Sentinel-5P,2024-03-15,2023-11-15,,,NO2,Kağıthane,3,DJF,Winter,mol/m2,"{""geodesic"":false,""type"":""Point"",""coordinates"":[29.091940476210706,41.24614627034783]}"
2_0,1.2106480024992266E-4,Sentinel-5P,2024-03-15,2023-11-15,,,NO2,Üsküdar,3,DJF,Winter,mol/m2,"{""geodesic"":false,""type"":""Point"",""coordinates"":[29.01109210063995,41.003601143635564]}"
2_1,1.2200549038690264E-4,Sentinel-5P,2024-03-15,2023-11-15,,,NO2,Üsküdar,3,DJF,Winter,mol/m2,"{""geodesic"":false,""type"":""Point"",""coordinates"":[29.038041559163535,41.003601143635564]}"
2_2,1.1943423615023735E-4,Sentinel-5P,2024-03-15,2023-11-15,,,NO2,Üsküdar,3,DJF,Winter,mol/m2,"{""geodesic"":false,""type"":""Point"",""coordinates"":[29.06499101768712,41.003601143635564]}"
2_3,1.1946293973925861E-4,Sentinel-5P,2024-03-15,2023-11-15,,,NO2,Üsküdar,3,DJF,Winter,mol/m2,"{""geodesic"":false,""type"":""Point"",""coordinates"":[29.091940476210706,41.003601143635564]}"
2_4,1.1729615954315595E-4,Sentinel-5P,2024-03-15,2023-11-15,,,NO2,Üsküdar,3,DJF,Winter,mol/m2,"{""geodesic"":false,""type"":""Point"",""coordinates"":[29.11888993473429,41.003601143635564]}"
2_5,1.1692131761263406E-4,Sentinel-5P,2024-03-15,2023-11-15,,,NO2,Üsküdar,3,DJF,Winter,mol/m2,"{""geodesic"":false,""type"":""Point"",""coordinates"":[29.145839393257877,41.003601143635564]}"
2_6,1.253660739166703E-4,Sentinel-5P,2024-03-15,2023-11-15,,,NO2,Üsküdar,3,DJF,Winter,mol/m2,"{""geodesic"":false,""type"":""Point"",""coordinates"":[29.01109210063995,41.030550602159146]}"
2_7,1.202019796346961E-4,Sentinel-5P,2024-03-15,2023-11-15,,,NO2,Üsküdar,3,DJF,Winter,mol/m2,"{""geodesic"":false,""type"":""Point"",""coordinates"":[29.038041559163535,41.030550602159146]}"
2_8,1.2018813217501835E-4,Sentinel-5P,2024-03-15,2023-11-15,,,NO2,Üsküdar,3,DJF,Winter,mol/m2,"{""geodesic"":false,""type"":""Point"",""coordinates"":[29.06499101768712,41.030550602159146]}"
2_9,1.2007263176431718E-4,Sentinel-5P,2024-03-15,2023-11-15,,,NO2,Üsküdar,3,DJF,Winter,mol/m2,"{""geodesic"":false,""type"":""Point"",""coordinates"":[29.091940476210706,41.030550602159146]}"
2_10,1.1719375533504343E-4,Sentinel-5P,2024-03-15,2023-11-15,,,NO2,Üsküdar,3,DJF,Winter,mol/m2,"{""geodesic"":false,""type"":""Point"",""coordinates"":[29.11888993473429,41.030550602159146]}"
2_11,1.1457584955118415E-4,Sentinel-5P,2024-03-15,2023-11-15,,,NO2,Üsküdar,3,DJF,Winter,mol/m2,"{""geodesic"":false,""type"":""Point"",""coordinates"":[29.145839393257877,41.030550602159146]}"
2_12,1.273357959444488E-4,Sentinel-5P,2024-03-15,2023-11-15,,,NO2,Üsküdar,3,DJF,Winter,mol/m2,"{""geodesic"":false,""type"":""Point"",""coordinates"":[29.01109210063995,41.057500060682734]}"
2_13,1.2075762502161474E-4,Sentinel-5P,2024-03-15,2023-11-15,,,NO2,Üsküdar,3,DJF,Winter,mol/m2,"{""geodesic"":false,""type"":""Point"",""coordinates"":[29.038041559163535,41.057500060682734]}"
2_14,1.205755567640808E-4,Sentinel-5P,2024-03-15,2023-11-15,,,NO2,Üsküdar,3,DJF,Winter,mol/m2,"{""geodesic"":false,""type"":""Point"",""coordinates"":[29.06499101768712,41.057500060682734]}"
2_15,1.1655489625844913E-4,Sentinel-5P,2024-03-15,2023-11-15,,,NO2,Üsküdar,3,DJF,Winter,mol/m2,"{""geodesic"":false,""type"":""Point"",""coordinates"":[29.091940476210706,41.057500060682734]}"
2_16,1.1388547472119608E-4,Sentinel-5P,2024-03-15,2023-11-15,,,NO2,Üsküdar,3,DJF,Winter,mol/m2,"{""geodesic"":false,""type"":""Point"",""coordinates"":[29.11888993473429,41.057500060682734]}"
2_17,1.1544313282380604E-4,Sentinel-5P,2024-03-15,2023-11-15,,,NO2,Üsküdar,3,DJF,Winter,mol/m2,"{""geodesic"":false,""type"":""Point"",""coordinates"":[29.145839393257877,41.057500060682734]}"
2_18,1.2236785732966778E-4,Sentinel-5P,2024-03-15,2023-11-15,,,NO2,Üsküdar,3,DJF,Winter,mol/m2,"{""geodesic"":false,""type"":""Point"",""coordinates"":[29.01109210063995,41.084449519206316]}"
2_19,1.2593756417344669E-4,Sentinel-5P,2024-03-15,2023-11-15,,,NO2,Üsküdar,3,DJF,Winter,mol/m2,"{""geodesic"":false,""type"":""Point"",""coordinates"":[29.038041559163535,41.084449519206316]}"
2_20,1.1743494409472121E-4,Sentinel-5P,2024-03-15,2023-11-15,,,NO2,Üsküdar,3,DJF,Winter,mol/m2,"{""geodesic"":false,""type"":""Point"",""coordinates"":[29.06499101768712,41.084449519206316]}"
2_21,1.1435690226590498E-4,Sentinel-5P,2024-03-15,2023-11-15,,,NO2,Üsküdar,3,DJF,Winter,mol/m2,"{""geodesic"":false,""type"":""Point"",""coordinates"":[29.091940476210706,41.084449519206316]}"
2_22,1.1336306280205635E-4,Sentinel-5P,2024-03-15,2023-11-15,,,NO2,Üsküdar,3,DJF,Winter,mol/m2,"{""geodesic"":false,""type"":""Point"",""coordinates"":[29.11888993473429,41.084449519206316]}"
2_23,1.0606050879382953E-4,Sentinel-5P,2024-03-15,2023-11-15,,,NO2,Üsküdar,3,DJF,Winter,mol/m2,"{""geodesic"":false,""type"":""Point"",""coordinates"":[29.145839393257877,41.084449519206316]}"
3_0,1.1387740765473421E-4,Sentinel-5P,2024-06-15,2024-02-15,,,NO2,Kartal,3,MAM,Spring,mol/m2,"{""geodesic"":false,""type"":""Point"",""coordinates"":[29.172788851781462,40.86885385101763]}"
3_1,1.1648843245101968E-4,Sentinel-5P,2024-06-15,2024-02-15,,,NO2,Kartal,3,MAM,Spring,mol/m2,"{""geodesic"":false,""type"":""Point"",""coordinates"":[29.199738310305047,40.86885385101763]}"
3_2,1.1970474184799486E-4,Sentinel-5P,2024-06-15,2024-02-15,,,NO2,Kartal,3,MAM,Spring,mol/m2,"{""geodesic"":false,""type"":""Point"",""coordinates"":[29.226687768828633,40.86885385101763]}"
3_3,1.1889736186053921E-4,Sentinel-5P,2024-06-15,2024-02-15,,,NO2,Kartal,3,MAM,Spring,mol/m2,"{""geodesic"":false,""type"":""Point"",""coordinates"":[29.25363722735222,40.86885385101763]}"
3_4,1.2712276535251546E-4,Sentinel-5P,2024-06-15,2024-02-15,,,NO2,Kartal,3,MAM,Spring,mol/m2,"{""geodesic"":false,""type"":""Point"",""coordinates"":[29.280586685875804,40.86885385101763]}"
3_5,1.2446997972097846E-4,Sentinel-5P,2024-06-15,2024-02-15,,,NO2,Kartal,3,MAM,Spring,mol/m2,"{""geodesic"":false,""type"":""Point"",""coordinates"":[29.30753614439939,40.86885385101763]}"
3_6,1.2056998512604399E-4,Sentinel-5P,2024-06-15,2024-02-15,,,NO2,Kartal,3,MAM,Spring,mol/m2,"{""geodesic"":false,""type"":""Point"",""coordinates"":[29.334485602922975,40.86885385101763]}"
3_7,1.1596536009931574E-4,Sentinel-5P,2024-06-15,2024-02-15,,,NO2,Kartal,3,MAM,Spring,mol/m2,"{""geodesic"":false,""type"":""Point"",""coordinates"":[29.172788851781462,40.895803309541215]}"
3_8,1.1617459084101567E-4,Sentinel-5P,2024-06-15,2024-02-15,,,NO2,Kartal,3,MAM,Spring,mol/m2,"{""geodesic"":false,""type"":""Point"",""coordinates"":[29.199738310305047,40.895803309541215]}"
3_9,1.204879663332655E-4,Sentinel-5P,2024-06-15,2024-02-15,,,NO2,Kartal,3,MAM,Spring,mol/m2,"{""geodesic"":false,""type"":""Point"",""coordinates"":[29.226687768828633,40.895803309541215]}"
3_10,1.2124317984240078E-4,Sentinel-5P,2024-06-15,2024-02-15,,,NO2,Kartal,3,MAM,Spring,mol/m2,"{""geodesic"":false,""type"":""Point"",""coordinates"":[29.25363722735222,40.895803309541215]}"
3_11,1.239966144340734E-4,Sentinel-5P,2024-06-15,2024-02-15,,,NO2,Kartal,3,MAM,Spring,mol/m2,"{""geodesic"":false,""type"":""Point"",""coordinates"":[29.280586685875804,40.895803309541215]}"
3_12,1.2443735742626225E-4,Sentinel-5P,2024-06-15,2024-02-15,,,NO2,Kartal,3,MAM,Spring,mol/m2,"{""geodesic"":false,""type"":""Point"",""coordinates"":[29.30753614439939,40.895803309541215]}"
3_13,1.2391555450933558E-4,Sentinel-5P,2024-06-15,2024-02-15,,,NO2,Kartal,3,MAM,Spring,mol/m2,"{""geodesic"":false,""type"":""Point"",""coordinates"":[29.334485602922975,40.895803309541215]}"
3_14,1.1613889610125436E-4,Sentinel-5P,2024-06-15,2024-02-15,,,NO2,Kartal,3,MAM,Spring,mol/m2,"{""geodesic"":false,""type"":""Point"",""coordinates"":[29.172788851781462,40.922752768064804]}"
3_15,1.1317551483747659E-4,Sentinel-5P,2024-06-15,2024-02-15,,,NO2,Kartal,3,MAM,Spring,mol/m2,"{""geodesic"":false,""type"":""Point"",""coordinates"":[29.199738310305047,40.922752768064804]}"
3_16,1.1318968437852902E-4,Sentinel-5P,2024-06-15,2024-02-15,,,NO2,Kartal,3,MAM,Spring,mol/m2,"{""geodesic"":false,""type"":""Point"",""coordinates"":[29.226687768828633,40.922752768064804]}"
3_17,1.1329069190127807E-4,Sentinel-5P,2024-06-15,2024-02-15,,,NO2,Kartal,3,MAM,Spring,mol/m2,"{""geodesic"":false,""type"":""Point"",""coordinates"":[29.25363722735222,40.922752768064804]}"
3_18,1.164258451313597E-4,Sentinel-5P,2024-06-15,2024-02-15,,,NO2,Kartal,3,MAM,Spring,mol/m2,"{""geodesic"":false,""type"":""Point"",""coordinates"":[29.280586685875804,40.922752768064804]}"
3_19,1.1648847333466568E-4,Sentinel-5P,2024-06-15,2024-02-15,,,NO2,Kartal,3,MAM,Spring,mol/m2,"{""geodesic"":false,""type"":""Point"",""coordinates"":[29.30753614439939,40.922752768064804]}"
3_20,1.1638637791428059E-4,Sentinel-5P,2024-06-15,2024-02-15,,,NO2,Kartal,3,MAM,Spring,mol/m2,"{""geodesic"":false,""type"":""Point"",""coordinates"":[29.334485602922975,40.922752768064804]}"
3_21,1.1121121195316193E-4,Sentinel-5P,2024-06-15,2024-02-15,,,NO2,Kartal,3,MAM,Spring,mol/m2,"{""geodesic"":false,""type"":""Point"",""coordinates"":[29.172788851781462,40.94970222658839]}"
3_22,1.1115987491270001E-4,Sentinel-5P,2024-06-15,2024-02-15,,,NO2,Kartal,3,MAM,Spring,mol/m2,"{""geodesic"":false,""type"":""Point"",""coordinates"":[29.199738310305047,40.94970222658839]}"
3_23,1.096373933179001E-4,Sentinel-5P,2024-06-15,2024-02-15,,,NO2,Kartal,3,MAM,Spring,mol/m2,"{""geodesic"":false,""type"":""Point"",""coordinates"":[29.226687768828633,40.94970222658839]}"
3_24,1.1164553552132912E-4,Sentinel-5P,2024-06-15,2024-02-15,,,NO2,Kartal,3,MAM,Spring,mol/m2,"{""geodesic"":false,""type"":""Point"",""coordinates"":[29.25363722735222,40.94970222658839]}"
3_25,1.1605677732486547E-4,Sentinel-5P,2024-06-15,2024-02-15,,,NO2,Kartal,3,MAM,Spring,mol/m2,"{""geodesic"":false,""type"":""Point"",""coordinates"":[29.280586685875804,40.94970222658839]}"
3_26,1.1581023632795447E-4,Sentinel-5P,2024-06-15,2024-02-15,,,NO2,Kartal,3,MAM,Spring,mol/m2,"{""geodesic"":false,""type"":""Point"",""coordinates"":[29.30753614439939,40.94970222658839]}"
3_27,1.1394467296732175E-4,Sentinel-5P,2024-06-15,2024-02-15,,,NO2,Kartal,3,MAM,Spring,mol/m2,"{""geodesic"":false,""type"":""Point"",""coordinates"":[29.334485602922975,40.94970222658839]}"
4_0,9.899001437973059E-5,Sentinel-5P,2024-06-15,2024-02-15,,,NO2,Kağıthane,3,MAM,Spring,mol/m2,"{""geodesic"":false,""type"":""Point"",""coordinates"":[28.95719318359278,41.165297894777076]}"
4_1,9.948589567765372E-5,Sentinel-5P,2024-06-15,2024-02-15,,,NO2,Kağıthane,3,MAM,Spring,mol/m2,"{""geodesic"":false,""type"":""Point"",""coordinates"":[28.984142642116364,41.165297894777076]}"
4_2,1.0127822363760876E-4,Sentinel-5P,2024-06-15,2024-02-15,,,NO2,Kağıthane,3,MAM,Spring,mol/m2,"{""geodesic"":false,""type"":""Point"",""coordinates"":[29.01109210063995,41.165297894777076]}"
4_3,1.0103546217834851E-4,Sentinel-5P,2024-06-15,2024-02-15,,,NO2,Kağıthane,3,MAM,Spring,mol/m2,"{""geodesic"":false,""type"":""Point"",""coordinates"":[29.038041559163535,41.165297894777076]}"
4_4,9.851394085733525E-5,Sentinel-5P,2024-06-15,2024-02-15,,,NO2,Kağıthane,3,MAM,Spring,mol/m2,"{""geodesic"":false,""type"":""Point"",""coordinates"":[29.06499101768712,41.165297894777076]}"
4_5,9.838145954418796E-5,Sentinel-5P,2024-06-15,2024-02-15,,,NO2,Kağıthane,3,MAM,Spring,mol/m2,"{""geodesic"":false,""type"":""Point"",""coordinates"":[29.091940476210706,41.165297894777076]}"
4_6,9.847133748322524E-5,Sentinel-5P,2024-06-15,2024-02-15,,,NO2,Kağıthane,3,MAM,Spring,mol/m2,"{""geodesic"":false,""type"":""Point"",""coordinates"":[28.95719318359278,41.19224735330066]}"
4_7,9.677615506365123E-5,Sentinel-5P,2024-06-15,2024-02-15,,,NO2,Kağıthane,3,MAM,Spring,mol/m2,"{""geodesic"":false,""type"":""Point"",""coordinates"":[28.984142642116364,41.19224735330066]}"
4_8,9.765526974995626E-5,Sentinel-5P,2024-06-15,2024-02-15,,,NO2,Kağıthane,3,MAM,Spring,mol/m2,"{""geodesic"":false,""type"":""Point"",""coordinates"":[29.01109210063995,41.19224735330066]}"
4_9,9.687660060708075E-5,Sentinel-5P,2024-06-15,2024-02-15,,,NO2,Kağıthane,3,MAM,Spring,mol/m2,"{""geodesic"":false,""type"":""Point"",""coordinates"":[29.038041559163535,41.19224735330066]}"
4_10,9.57090287755998E-5,Sentinel-5P,2024-06-15,2024-02-15,,,NO2,Kağıthane,3,MAM,Spring,mol/m2,"{""geodesic"":false,""type"":""Point"",""coordinates"":[29.06499101768712,41.19224735330066]}"
4_11,9.595793850901436E-5,Sentinel-5P,2024-06-15,2024-02-15,,,NO2,Kağıthane,3,MAM,Spring,mol/m2,"{""geodesic"":false,""type"":""Point"",""coordinates"":[29.091940476210706,41.19224735330066]}"
4_12,9.393086033401662E-5,Sentinel-5P,2024-06-15,2024-02-15,,,NO2,Kağıthane,3,MAM,Spring,mol/m2,"{""geodesic"":false,""type"":""Point"",""coordinates"":[28.95719318359278,41.21919681182425]}"
4_13,9.350060827015687E-5,Sentinel-5P,2024-06-15,2024-02-15,,,NO2,Kağıthane,3,MAM,Spring,mol/m2,"{""geodesic"":false,""type"":""Point"",""coordinates"":[28.984142642116364,41.21919681182425]}"
4_14,9.755127833532461E-5,Sentinel-5P,2024-06-15,2024-02-15,,,NO2,Kağıthane,3,MAM,Spring,mol/m2,"{""geodesic"":false,""type"":""Point"",""coordinates"":[29.01109210063995,41.21919681182425]}"
4_15,9.7245862043919E-5,Sentinel-5P,2024-06-15,2024-02-15,,,NO2,Kağıthane,3,MAM,Spring,mol/m2,"{""geodesic"":false,""type"":""Point"",""coordinates"":[29.038041559163535,41.21919681182425]}"
4_16,9.52953349293014E-5,Sentinel-5P,2024-06-15,2024-02-15,,,NO2,Kağıthane,3,MAM,Spring,mol/m2,"{""geodesic"":false,""type"":""Point"",""coordinates"":[29.06499101768712,41.21919681182425]}"
4_17,9.382228744573087E-5,Sentinel-5P,2024-06-15,2024-02-15,,,NO2,Kağıthane,3,MAM,Spring,mol/m2,"{""geodesic"":false,""type"":""Point"",""coordinates"":[29.091940476210706,41.21919681182425]}"
4_18,9.312927495574296E-5,Sentinel-5P,2024-06-15,2024-02-15,,,NO2,Kağıthane,3,MAM,Spring,mol/m2,"{""geodesic"":false,""type"":""Point"",""coordinates"":[28.95719318359278,41.24614627034783]}"
4_19,9.131195600346441E-5,Sentinel-5P,2024-06-15,2024-02-15,,,NO2,Kağıthane,3,MAM,Spring,mol/m2,"{""geodesic"":false,""type"":""Point"",""coordinates"":[28.984142642116364,41.24614627034783]}"
4_20,9.257558823723509E-5,Sentinel-5P,2024-06-15,2024-02-15,,,NO2,Kağıthane,3,MAM,Spring,mol/m2,"{""geodesic"":false,""type"":""Point"",""coordinates"":[29.01109210063995,41.24614627034783]}"
4_21,9.402042722242046E-5,Sentinel-5P,2024-06-15,2024-02-15,,,NO2,Kağıthane,3,MAM,Spring,mol/m2,"{""geodesic"":false,""type"":""Point"",""coordinates"":[29.038041559163535,41.24614627034783]}"
4_22,9.250432794508687E-5,Sentinel-5P,2024-06-15,2024-02-15,,,NO2,Kağıthane,3,MAM,Spring,mol/m2,"{""geodesic"":false,""type"":""Point"",""coordinates"":[29.06499101768712,41.24614627034783]}"
4_23,9.340933251711195E-5,Sentinel-5P,2024-06-15,2024-02-15,,,NO2,Kağıthane,3,MAM,Spring,mol/m2,"{""geodesic"":false,""type"":""Point"",""coordinates"":[29.091940476210706,41.24614627034783]}"
5_0,1.2793256512321863E-4,Sentinel-5P,2024-06-15,2024-02-15,,,NO2,Üsküdar,3,MAM,Spring,mol/m2,"{""geodesic"":false,""type"":""Point"",""coordinates"":[29.01109210063995,41.003601143635564]}"
5_1,1.2445696839619372E-4,Sentinel-5P,2024-06-15,2024-02-15,,,NO2,Üsküdar,3,MAM,Spring,mol/m2,"{""geodesic"":false,""type"":""Point"",""coordinates"":[29.038041559163535,41.003601143635564]}"
5_2,1.2209474056473372E-4,Sentinel-5P,2024-06-15,2024-02-15,,,NO2,Üsküdar,3,MAM,Spring,mol/m2,"{""geodesic"":false,""type"":""Point"",""coordinates"":[29.06499101768712,41.003601143635564]}"
5_3,1.201254789584015E-4,Sentinel-5P,2024-06-15,2024-02-15,,,NO2,Üsküdar,3,MAM,Spring,mol/m2,"{""geodesic"":false,""type"":""Point"",""coordinates"":[29.091940476210706,41.003601143635564]}"
5_4,1.2028853200666638E-4,Sentinel-5P,2024-06-15,2024-02-15,,,NO2,Üsküdar,3,MAM,Spring,mol/m2,"{""geodesic"":false,""type"":""Point"",""coordinates"":[29.11888993473429,41.003601143635564]}"
5_5,1.2050829371085055E-4,Sentinel-5P,2024-06-15,2024-02-15,,,NO2,Üsküdar,3,MAM,Spring,mol/m2,"{""geodesic"":false,""type"":""Point"",""coordinates"":[29.145839393257877,41.003601143635564]}"
5_6,1.273735519769686E-4,Sentinel-5P,2024-06-15,2024-02-15,,,NO2,Üsküdar,3,MAM,Spring,mol/m2,"{""geodesic"":false,""type"":""Point"",""coordinates"":[29.01109210063995,41.030550602159146]}"
5_7,1.1974059822775695E-4,Sentinel-5P,2024-06-15,2024-02-15,,,NO2,Üsküdar,3,MAM,Spring,mol/m2,"{""geodesic"":false,""type"":""Point"",""coordinates"":[29.038041559163535,41.030550602159146]}"
5_8,1.1574832633555739E-4,Sentinel-5P,2024-06-15,2024-02-15,,,NO2,Üsküdar,3,MAM,Spring,mol/m2,"{""geodesic"":false,""type"":""Point"",""coordinates"":[29.06499101768712,41.030550602159146]}"
5_9,1.147898435081112E-4,Sentinel-5P,2024-06-15,2024-02-15,,,NO2,Üsküdar,3,MAM,Spring,mol/m2,"{""geodesic"":false,""type"":""Point"",""coordinates"":[29.091940476210706,41.030550602159146]}"
5_10,1.1611194609601882E-4,Sentinel-5P,2024-06-15,2024-02-15,,,NO2,Üsküdar,3,MAM,Spring,mol/m2,"{""geodesic"":false,""type"":""Point"",""coordinates"":[29.11888993473429,41.030550602159146]}"
5_11,1.1224331126007251E-4,Sentinel-5P,2024-06-15,2024-02-15,,,NO2,Üsküdar,3,MAM,Spring,mol/m2,"{""geodesic"":false,""type"":""Point"",""coordinates"":[29.145839393257877,41.030550602159146]}"
5_12,1.2351944013136632E-4,Sentinel-5P,2024-06-15,2024-02-15,,,NO2,Üsküdar,3,MAM,Spring,mol/m2,"{""geodesic"":false,""type"":""Point"",""coordinates"":[29.01109210063995,41.057500060682734]}"
5_13,1.2385195295790754E-4,Sentinel-5P,2024-06-15,2024-02-15,,,NO2,Üsküdar,3,MAM,Spring,mol/m2,"{""geodesic"":false,""type"":""Point"",""coordinates"":[29.038041559163535,41.057500060682734]}"
5_14,1.1608724936904724E-4,Sentinel-5P,2024-06-15,2024-02-15,,,NO2,Üsküdar,3,MAM,Spring,mol/m2,"{""geodesic"":false,""type"":""Point"",""coordinates"":[29.06499101768712,41.057500060682734]}"
5_15,1.1411895419976976E-4,Sentinel-5P,2024-06-15,2024-02-15,,,NO2,Üsküdar,3,MAM,Spring,mol/m2,"{""geodesic"":false,""type"":""Point"",""coordinates"":[29.091940476210706,41.057500060682734]}"
5_16,1.1388355832995045E-4,Sentinel-5P,2024-06-15,2024-02-15,,,NO2,Üsküdar,3,MAM,Spring,mol/m2,"{""geodesic"":false,""type"":""Point"",""coordinates"":[29.11888993473429,41.057500060682734]}"
5_17,1.1156934367909584E-4,Sentinel-5P,2024-06-15,2024-02-15,,,NO2,Üsküdar,3,MAM,Spring,mol/m2,"{""geodesic"":false,""type"":""Point"",""coordinates"":[29.145839393257877,41.057500060682734]}"
5_18,1.1708741618604022E-4,Sentinel-5P,2024-06-15,2024-02-15,,,NO2,Üsküdar,3,MAM,Spring,mol/m2,"{""geodesic"":false,""type"":""Point"",""coordinates"":[29.01109210063995,41.084449519206316]}"
5_19,1.1627389501124394E-4,Sentinel-5P,2024-06-15,2024-02-15,,,NO2,Üsküdar,3,MAM,Spring,mol/m2,"{""geodesic"":false,""type"":""Point"",""coordinates"":[29.038041559163535,41.084449519206316]}"
5_20,1.1019439208037448E-4,Sentinel-5P,2024-06-15,2024-02-15,,,NO2,Üsküdar,3,MAM,Spring,mol/m2,"{""geodesic"":false,""type"":""Point"",""coordinates"":[29.06499101768712,41.084449519206316]}"
5_21,1.0757533637873396E-4,Sentinel-5P,2024-06-15,2024-02-15,,,NO2,Üsküdar,3,MAM,Spring,mol/m2,"{""geodesic"":false,""type"":""Point"",""coordinates"":[29.091940476210706,41.084449519206316]}"
5_22,1.0445030530133146E-4,Sentinel-5P,2024-06-15,2024-02-15,,,NO2,Üsküdar,3,MAM,Spring,mol/m2,"{""geodesic"":false,""type"":""Point"",""coordinates"":[29.11888993473429,41.084449519206316]}"
5_23,1.0015022363313491E-4,Sentinel-5P,2024-06-15,2024-02-15,,,NO2,Üsküdar,3,MAM,Spring,mol/m2,"{""geodesic"":false,""type"":""Point"",""coordinates"":[29.145839393257877,41.084449519206316]}"
6_0,1.077719973440437E-4,Sentinel-5P,2024-09-15,2024-05-15,,,NO2,Kartal,3,JJA,Summer,mol/m2,"{""geodesic"":false,""type"":""Point"",""coordinates"":[29.172788851781462,40.86885385101763]}"
6_1,1.0725819166940696E-4,Sentinel-5P,2024-09-15,2024-05-15,,,NO2,Kartal,3,JJA,Summer,mol/m2,"{""geodesic"":false,""type"":""Point"",""coordinates"":[29.199738310305047,40.86885385101763]}"
6_2,1.1016354041230706E-4,Sentinel-5P,2024-09-15,2024-05-15,,,NO2,Kartal,3,JJA,Summer,mol/m2,"{""geodesic"":false,""type"":""Point"",""coordinates"":[29.226687768828633,40.86885385101763]}"
6_3,1.1018777663121793E-4,Sentinel-5P,2024-09-15,2024-05-15,,,NO2,Kartal,3,JJA,Summer,mol/m2,"{""geodesic"":false,""type"":""Point"",""coordinates"":[29.25363722735222,40.86885385101763]}"
6_4,1.115546033971468E-4,Sentinel-5P,2024-09-15,2024-05-15,,,NO2,Kartal,3,JJA,Summer,mol/m2,"{""geodesic"":false,""type"":""Point"",""coordinates"":[29.280586685875804,40.86885385101763]}"
6_5,1.1016083003600514E-4,Sentinel-5P,2024-09-15,2024-05-15,,,NO2,Kartal,3,JJA,Summer,mol/m2,"{""geodesic"":false,""type"":""Point"",""coordinates"":[29.30753614439939,40.86885385101763]}"
6_6,1.0750895252461448E-4,Sentinel-5P,2024-09-15,2024-05-15,,,NO2,Kartal,3,JJA,Summer,mol/m2,"{""geodesic"":false,""type"":""Point"",""coordinates"":[29.334485602922975,40.86885385101763]}"
6_7,1.0762061966296673E-4,Sentinel-5P,2024-09-15,2024-05-15,,,NO2,Kartal,3,JJA,Summer,mol/m2,"{""geodesic"":false,""type"":""Point"",""coordinates"":[29.172788851781462,40.895803309541215]}"
6_8,1.0763267528457808E-4,Sentinel-5P,2024-09-15,2024-05-15,,,NO2,Kartal,3,JJA,Summer,mol/m2,"{""geodesic"":false,""type"":""Point"",""coordinates"":[29.199738310305047,40.895803309541215]}"
6_9,1.0979974084439872E-4,Sentinel-5P,2024-09-15,2024-05-15,,,NO2,Kartal,3,JJA,Summer,mol/m2,"{""geodesic"":false,""type"":""Point"",""coordinates"":[29.226687768828633,40.895803309541215]}"
6_10,1.1001475797764698E-4,Sentinel-5P,2024-09-15,2024-05-15,,,NO2,Kartal,3,JJA,Summer,mol/m2,"{""geodesic"":false,""type"":""Point"",""coordinates"":[29.25363722735222,40.895803309541215]}"
6_11,1.1086438681114419E-4,Sentinel-5P,2024-09-15,2024-05-15,,,NO2,Kartal,3,JJA,Summer,mol/m2,"{""geodesic"":false,""type"":""Point"",""coordinates"":[29.280586685875804,40.895803309541215]}"
6_12,1.056955060039148E-4,Sentinel-5P,2024-09-15,2024-05-15,,,NO2,Kartal,3,JJA,Summer,mol/m2,"{""geodesic"":false,""type"":""Point"",""coordinates"":[29.30753614439939,40.895803309541215]}"
6_13,1.0576102634287115E-4,Sentinel-5P,2024-09-15,2024-05-15,,,NO2,Kartal,3,JJA,Summer,mol/m2,"{""geodesic"":false,""type"":""Point"",""coordinates"":[29.334485602922975,40.895803309541215]}"
6_14,1.0664922155624214E-4,Sentinel-5P,2024-09-15,2024-05-15,,,NO2,Kartal,3,JJA,Summer,mol/m2,"{""geodesic"":false,""type"":""Point"",""coordinates"":[29.172788851781462,40.922752768064804]}"
6_15,1.0437609284423607E-4,Sentinel-5P,2024-09-15,2024-05-15,,,NO2,Kartal,3,JJA,Summer,mol/m2,"{""geodesic"":false,""type"":""Point"",""coordinates"":[29.199738310305047,40.922752768064804]}"
6_16,1.0208950304569769E-4,Sentinel-5P,2024-09-15,2024-05-15,,,NO2,Kartal,3,JJA,Summer,mol/m2,"{""geodesic"":false,""type"":""Point"",""coordinates"":[29.226687768828633,40.922752768064804]}"
6_17,1.0257720786325293E-4,Sentinel-5P,2024-09-15,2024-05-15,,,NO2,Kartal,3,JJA,Summer,mol/m2,"{""geodesic"":false,""type"":""Point"",""coordinates"":[29.25363722735222,40.922752768064804]}"
6_18,1.0188203860714116E-4,Sentinel-5P,2024-09-15,2024-05-15,,,NO2,Kartal,3,JJA,Summer,mol/m2,"{""geodesic"":false,""type"":""Point"",""coordinates"":[29.280586685875804,40.922752768064804]}"
6_19,1.0009349643303993E-4,Sentinel-5P,2024-09-15,2024-05-15,,,NO2,Kartal,3,JJA,Summer,mol/m2,"{""geodesic"":false,""type"":""Point"",""coordinates"":[29.30753614439939,40.922752768064804]}"
6_20,9.988396234373429E-5,Sentinel-5P,2024-09-15,2024-05-15,,,NO2,Kartal,3,JJA,Summer,mol/m2,"{""geodesic"":false,""type"":""Point"",""coordinates"":[29.334485602922975,40.922752768064804]}"
6_21,1.051197287031659E-4,Sentinel-5P,2024-09-15,2024-05-15,,,NO2,Kartal,3,JJA,Summer,mol/m2,"{""geodesic"":false,""type"":""Point"",""coordinates"":[29.172788851781462,40.94970222658839]}"
6_22,1.0195622044303034E-4,Sentinel-5P,2024-09-15,2024-05-15,,,NO2,Kartal,3,JJA,Summer,mol/m2,"{""geodesic"":false,""type"":""Point"",""coordinates"":[29.199738310305047,40.94970222658839]}"
6_23,1.0073890797264807E-4,Sentinel-5P,2024-09-15,2024-05-15,,,NO2,Kartal,3,JJA,Summer,mol/m2,"{""geodesic"":false,""type"":""Point"",""coordinates"":[29.226687768828633,40.94970222658839]}"
6_24,1.0070411878812944E-4,Sentinel-5P,2024-09-15,2024-05-15,,,NO2,Kartal,3,JJA,Summer,mol/m2,"{""geodesic"":false,""type"":""Point"",""coordinates"":[29.25363722735222,40.94970222658839]}"
6_25,9.75451396293843E-5,Sentinel-5P,2024-09-15,2024-05-15,,,NO2,Kartal,3,JJA,Summer,mol/m2,"{""geodesic"":false,""type"":""Point"",""coordinates"":[29.280586685875804,40.94970222658839]}"
6_26,9.733227544201794E-5,Sentinel-5P,2024-09-15,2024-05-15,,,NO2,Kartal,3,JJA,Summer,mol/m2,"{""geodesic"":false,""type"":""Point"",""coordinates"":[29.30753614439939,40.94970222658839]}"
6_27,9.622059941276839E-5,Sentinel-5P,2024-09-15,2024-05-15,,,NO2,Kartal,3,JJA,Summer,mol/m2,"{""geodesic"":false,""type"":""Point"",""coordinates"":[29.334485602922975,40.94970222658839]}"
7_0,8.714640097285797E-5,Sentinel-5P,2024-09-15,2024-05-15,,,NO2,Kağıthane,3,JJA,Summer,mol/m2,"{""geodesic"":false,""type"":""Point"",""coordinates"":[28.95719318359278,41.165297894777076]}"
7_1,8.611536887478434E-5,Sentinel-5P,2024-09-15,2024-05-15,,,NO2,Kağıthane,3,JJA,Summer,mol/m2,"{""geodesic"":false,""type"":""Point"",""coordinates"":[28.984142642116364,41.165297894777076]}"
7_2,8.72318208793493E-5,Sentinel-5P,2024-09-15,2024-05-15,,,NO2,Kağıthane,3,JJA,Summer,mol/m2,"{""geodesic"":false,""type"":""Point"",""coordinates"":[29.01109210063995,41.165297894777076]}"
7_3,8.732876247694716E-5,Sentinel-5P,2024-09-15,2024-05-15,,,NO2,Kağıthane,3,JJA,Summer,mol/m2,"{""geodesic"":false,""type"":""Point"",""coordinates"":[29.038041559163535,41.165297894777076]}"
7_4,8.589168431788884E-5,Sentinel-5P,2024-09-15,2024-05-15,,,NO2,Kağıthane,3,JJA,Summer,mol/m2,"{""geodesic"":false,""type"":""Point"",""coordinates"":[29.06499101768712,41.165297894777076]}"
7_5,8.539870500450227E-5,Sentinel-5P,2024-09-15,2024-05-15,,,NO2,Kağıthane,3,JJA,Summer,mol/m2,"{""geodesic"":false,""type"":""Point"",""coordinates"":[29.091940476210706,41.165297894777076]}"
7_6,8.534429927165709E-5,Sentinel-5P,2024-09-15,2024-05-15,,,NO2,Kağıthane,3,JJA,Summer,mol/m2,"{""geodesic"":false,""type"":""Point"",""coordinates"":[28.95719318359278,41.19224735330066]}"
7_7,8.449472954622792E-5,Sentinel-5P,2024-09-15,2024-05-15,,,NO2,Kağıthane,3,JJA,Summer,mol/m2,"{""geodesic"":false,""type"":""Point"",""coordinates"":[28.984142642116364,41.19224735330066]}"
7_8,8.438763591391598E-5,Sentinel-5P,2024-09-15,2024-05-15,,,NO2,Kağıthane,3,JJA,Summer,mol/m2,"{""geodesic"":false,""type"":""Point"",""coordinates"":[29.01109210063995,41.19224735330066]}"
7_9,8.541144141334762E-5,Sentinel-5P,2024-09-15,2024-05-15,,,NO2,Kağıthane,3,JJA,Summer,mol/m2,"{""geodesic"":false,""type"":""Point"",""coordinates"":[29.038041559163535,41.19224735330066]}"
7_10,8.44081863667923E-5,Sentinel-5P,2024-09-15,2024-05-15,,,NO2,Kağıthane,3,JJA,Summer,mol/m2,"{""geodesic"":false,""type"":""Point"",""coordinates"":[29.06499101768712,41.19224735330066]}"
7_11,8.541052929597533E-5,Sentinel-5P,2024-09-15,2024-05-15,,,NO2,Kağıthane,3,JJA,Summer,mol/m2,"{""geodesic"":false,""type"":""Point"",""coordinates"":[29.091940476210706,41.19224735330066]}"
7_12,8.42093906956576E-5,Sentinel-5P,2024-09-15,2024-05-15,,,NO2,Kağıthane,3,JJA,Summer,mol/m2,"{""geodesic"":false,""type"":""Point"",""coordinates"":[28.95719318359278,41.21919681182425]}"
7_13,8.404087381813595E-5,Sentinel-5P,2024-09-15,2024-05-15,,,NO2,Kağıthane,3,JJA,Summer,mol/m2,"{""geodesic"":false,""type"":""Point"",""coordinates"":[28.984142642116364,41.21919681182425]}"
7_14,8.438562192131019E-5,Sentinel-5P,2024-09-15,2024-05-15,,,NO2,Kağıthane,3,JJA,Summer,mol/m2,"{""geodesic"":false,""type"":""Point"",""coordinates"":[29.01109210063995,41.21919681182425]}"
7_15,8.531770074626792E-5,Sentinel-5P,2024-09-15,2024-05-15,,,NO2,Kağıthane,3,JJA,Summer,mol/m2,"{""geodesic"":false,""type"":""Point"",""coordinates"":[29.038041559163535,41.21919681182425]}"
7_16,8.5488313962658E-5,Sentinel-5P,2024-09-15,2024-05-15,,,NO2,Kağıthane,3,JJA,Summer,mol/m2,"{""geodesic"":false,""type"":""Point"",""coordinates"":[29.06499101768712,41.21919681182425]}"
7_17,8.536540026791249E-5,Sentinel-5P,2024-09-15,2024-05-15,,,NO2,Kağıthane,3,JJA,Summer,mol/m2,"{""geodesic"":false,""type"":""Point"",""coordinates"":[29.091940476210706,41.21919681182425]}"
7_18,8.440463278228446E-5,Sentinel-5P,2024-09-15,2024-05-15,,,NO2,Kağıthane,3,JJA,Summer,mol/m2,"{""geodesic"":false,""type"":""Point"",""coordinates"":[28.95719318359278,41.24614627034783]}"
7_19,8.451683779694684E-5,Sentinel-5P,2024-09-15,2024-05-15,,,NO2,Kağıthane,3,JJA,Summer,mol/m2,"{""geodesic"":false,""type"":""Point"",""coordinates"":[28.984142642116364,41.24614627034783]}"
7_20,8.491383078369902E-5,Sentinel-5P,2024-09-15,2024-05-15,,,NO2,Kağıthane,3,JJA,Summer,mol/m2,"{""geodesic"":false,""type"":""Point"",""coordinates"":[29.01109210063995,41.24614627034783]}"
7_21,8.480565603359028E-5,Sentinel-5P,2024-09-15,2024-05-15,,,NO2,Kağıthane,3,JJA,Summer,mol/m2,"{""geodesic"":false,""type"":""Point"",""coordinates"":[29.038041559163535,41.24614627034783]}"
7_22,8.444668078283172E-5,Sentinel-5P,2024-09-15,2024-05-15,,,NO2,Kağıthane,3,JJA,Summer,mol/m2,"{""geodesic"":false,""type"":""Point"",""coordinates"":[29.06499101768712,41.24614627034783]}"
7_23,8.440791373176066E-5,Sentinel-5P,2024-09-15,2024-05-15,,,NO2,Kağıthane,3,JJA,Summer,mol/m2,"{""geodesic"":false,""type"":""Point"",""coordinates"":[29.091940476210706,41.24614627034783]}"
8_0,1.1145312785114898E-4,Sentinel-5P,2024-09-15,2024-05-15,,,NO2,Üsküdar,3,JJA,Summer,mol/m2,"{""geodesic"":false,""type"":""Point"",""coordinates"":[29.01109210063995,41.003601143635564]}"
8_1,1.0859712505361653E-4,Sentinel-5P,2024-09-15,2024-05-15,,,NO2,Üsküdar,3,JJA,Summer,mol/m2,"{""geodesic"":false,""type"":""Point"",""coordinates"":[29.038041559163535,41.003601143635564]}"
8_2,1.0568590035782076E-4,Sentinel-5P,2024-09-15,2024-05-15,,,NO2,Üsküdar,3,JJA,Summer,mol/m2,"{""geodesic"":false,""type"":""Point"",""coordinates"":[29.06499101768712,41.003601143635564]}"
8_3,1.0574134692232227E-4,Sentinel-5P,2024-09-15,2024-05-15,,,NO2,Üsküdar,3,JJA,Summer,mol/m2,"{""geodesic"":false,""type"":""Point"",""coordinates"":[29.091940476210706,41.003601143635564]}"
8_4,1.0608243068530649E-4,Sentinel-5P,2024-09-15,2024-05-15,,,NO2,Üsküdar,3,JJA,Summer,mol/m2,"{""geodesic"":false,""type"":""Point"",""coordinates"":[29.11888993473429,41.003601143635564]}"
8_5,1.0194622221491847E-4,Sentinel-5P,2024-09-15,2024-05-15,,,NO2,Üsküdar,3,JJA,Summer,mol/m2,"{""geodesic"":false,""type"":""Point"",""coordinates"":[29.145839393257877,41.003601143635564]}"
8_6,1.106141671063661E-4,Sentinel-5P,2024-09-15,2024-05-15,,,NO2,Üsküdar,3,JJA,Summer,mol/m2,"{""geodesic"":false,""type"":""Point"",""coordinates"":[29.01109210063995,41.030550602159146]}"
8_7,1.0791051605334318E-4,Sentinel-5P,2024-09-15,2024-05-15,,,NO2,Üsküdar,3,JJA,Summer,mol/m2,"{""geodesic"":false,""type"":""Point"",""coordinates"":[29.038041559163535,41.030550602159146]}"
8_8,1.0462035465937774E-4,Sentinel-5P,2024-09-15,2024-05-15,,,NO2,Üsküdar,3,JJA,Summer,mol/m2,"{""geodesic"":false,""type"":""Point"",""coordinates"":[29.06499101768712,41.030550602159146]}"
8_9,1.0378464013351708E-4,Sentinel-5P,2024-09-15,2024-05-15,,,NO2,Üsküdar,3,JJA,Summer,mol/m2,"{""geodesic"":false,""type"":""Point"",""coordinates"":[29.091940476210706,41.030550602159146]}"
8_10,9.993368075447424E-5,Sentinel-5P,2024-09-15,2024-05-15,,,NO2,Üsküdar,3,JJA,Summer,mol/m2,"{""geodesic"":false,""type"":""Point"",""coordinates"":[29.11888993473429,41.030550602159146]}"
8_11,9.713696738928825E-5,Sentinel-5P,2024-09-15,2024-05-15,,,NO2,Üsküdar,3,JJA,Summer,mol/m2,"{""geodesic"":false,""type"":""Point"",""coordinates"":[29.145839393257877,41.030550602159146]}"
8_12,1.0618327956619067E-4,Sentinel-5P,2024-09-15,2024-05-15,,,NO2,Üsküdar,3,JJA,Summer,mol/m2,"{""geodesic"":false,""type"":""Point"",""coordinates"":[29.01109210063995,41.057500060682734]}"
8_13,1.0619394014384341E-4,Sentinel-5P,2024-09-15,2024-05-15,,,NO2,Üsküdar,3,JJA,Summer,mol/m2,"{""geodesic"":false,""type"":""Point"",""coordinates"":[29.038041559163535,41.057500060682734]}"
8_14,9.710351039243751E-5,Sentinel-5P,2024-09-15,2024-05-15,,,NO2,Üsküdar,3,JJA,Summer,mol/m2,"{""geodesic"":false,""type"":""Point"",""coordinates"":[29.06499101768712,41.057500060682734]}"
8_15,9.865765604369599E-5,Sentinel-5P,2024-09-15,2024-05-15,,,NO2,Üsküdar,3,JJA,Summer,mol/m2,"{""geodesic"":false,""type"":""Point"",""coordinates"":[29.091940476210706,41.057500060682734]}"
8_16,9.445247029550314E-5,Sentinel-5P,2024-09-15,2024-05-15,,,NO2,Üsküdar,3,JJA,Summer,mol/m2,"{""geodesic"":false,""type"":""Point"",""coordinates"":[29.11888993473429,41.057500060682734]}"
8_17,9.456173805545934E-5,Sentinel-5P,2024-09-15,2024-05-15,,,NO2,Üsküdar,3,JJA,Summer,mol/m2,"{""geodesic"":false,""type"":""Point"",""coordinates"":[29.145839393257877,41.057500060682734]}"
8_18,9.831893261975515E-5,Sentinel-5P,2024-09-15,2024-05-15,,,NO2,Üsküdar,3,JJA,Summer,mol/m2,"{""geodesic"":false,""type"":""Point"",""coordinates"":[29.01109210063995,41.084449519206316]}"
8_19,9.632858276008174E-5,Sentinel-5P,2024-09-15,2024-05-15,,,NO2,Üsküdar,3,JJA,Summer,mol/m2,"{""geodesic"":false,""type"":""Point"",""coordinates"":[29.038041559163535,41.084449519206316]}"
8_20,9.248788404213507E-5,Sentinel-5P,2024-09-15,2024-05-15,,,NO2,Üsküdar,3,JJA,Summer,mol/m2,"{""geodesic"":false,""type"":""Point"",""coordinates"":[29.06499101768712,41.084449519206316]}"
8_21,9.062350066694791E-5,Sentinel-5P,2024-09-15,2024-05-15,,,NO2,Üsküdar,3,JJA,Summer,mol/m2,"{""geodesic"":false,""type"":""Point"",""coordinates"":[29.091940476210706,41.084449519206316]}"
8_22,8.899067670800223E-5,Sentinel-5P,2024-09-15,2024-05-15,,,NO2,Üsküdar,3,JJA,Summer,mol/m2,"{""geodesic"":false,""type"":""Point"",""coordinates"":[29.11888993473429,41.084449519206316]}"
8_23,8.689516710415368E-5,Sentinel-5P,2024-09-15,2024-05-15,,,NO2,Üsküdar,3,JJA,Summer,mol/m2,"{""geodesic"":false,""type"":""Point"",""coordinates"":[29.145839393257877,41.084449519206316]}"
9_0,1.1841520125818541E-4,Sentinel-5P,2024-12-15,2024-08-15,,,NO2,Kartal,3,SON,Fall,mol/m2,"{""geodesic"":false,""type"":""Point"",""coordinates"":[29.172788851781462,40.86885385101763]}"
9_1,1.1754619845305494E-4,Sentinel-5P,2024-12-15,2024-08-15,,,NO2,Kartal,3,SON,Fall,mol/m2,"{""geodesic"":false,""type"":""Point"",""coordinates"":[29.199738310305047,40.86885385101763]}"
9_2,1.1620577360776945E-4,Sentinel-5P,2024-12-15,2024-08-15,,,NO2,Kartal,3,SON,Fall,mol/m2,"{""geodesic"":false,""type"":""Point"",""coordinates"":[29.226687768828633,40.86885385101763]}"
9_3,1.1885941901148585E-4,Sentinel-5P,2024-12-15,2024-08-15,,,NO2,Kartal,3,SON,Fall,mol/m2,"{""geodesic"":false,""type"":""Point"",""coordinates"":[29.25363722735222,40.86885385101763]}"
9_4,1.186957342198242E-4,Sentinel-5P,2024-12-15,2024-08-15,,,NO2,Kartal,3,SON,Fall,mol/m2,"{""geodesic"":false,""type"":""Point"",""coordinates"":[29.280586685875804,40.86885385101763]}"
9_5,1.1940480171035569E-4,Sentinel-5P,2024-12-15,2024-08-15,,,NO2,Kartal,3,SON,Fall,mol/m2,"{""geodesic"":false,""type"":""Point"",""coordinates"":[29.30753614439939,40.86885385101763]}"
9_6,1.2127910104104833E-4,Sentinel-5P,2024-12-15,2024-08-15,,,NO2,Kartal,3,SON,Fall,mol/m2,"{""geodesic"":false,""type"":""Point"",""coordinates"":[29.334485602922975,40.86885385101763]}"
9_7,1.1537819866804448E-4,Sentinel-5P,2024-12-15,2024-08-15,,,NO2,Kartal,3,SON,Fall,mol/m2,"{""geodesic"":false,""type"":""Point"",""coordinates"":[29.172788851781462,40.895803309541215]}"
9_8,1.1734003022148833E-4,Sentinel-5P,2024-12-15,2024-08-15,,,NO2,Kartal,3,SON,Fall,mol/m2,"{""geodesic"":false,""type"":""Point"",""coordinates"":[29.199738310305047,40.895803309541215]}"
9_9,1.1743462290738922E-4,Sentinel-5P,2024-12-15,2024-08-15,,,NO2,Kartal,3,SON,Fall,mol/m2,"{""geodesic"":false,""type"":""Point"",""coordinates"":[29.226687768828633,40.895803309541215]}"
9_10,1.1734717378153956E-4,Sentinel-5P,2024-12-15,2024-08-15,,,NO2,Kartal,3,SON,Fall,mol/m2,"{""geodesic"":false,""type"":""Point"",""coordinates"":[29.25363722735222,40.895803309541215]}"
9_11,1.1960351837611474E-4,Sentinel-5P,2024-12-15,2024-08-15,,,NO2,Kartal,3,SON,Fall,mol/m2,"{""geodesic"":false,""type"":""Point"",""coordinates"":[29.280586685875804,40.895803309541215]}"
9_12,1.1731263146517338E-4,Sentinel-5P,2024-12-15,2024-08-15,,,NO2,Kartal,3,SON,Fall,mol/m2,"{""geodesic"":false,""type"":""Point"",""coordinates"":[29.30753614439939,40.895803309541215]}"
9_13,1.1698195565639992E-4,Sentinel-5P,2024-12-15,2024-08-15,,,NO2,Kartal,3,SON,Fall,mol/m2,"{""geodesic"":false,""type"":""Point"",""coordinates"":[29.334485602922975,40.895803309541215]}"
9_14,1.1547082659758581E-4,Sentinel-5P,2024-12-15,2024-08-15,,,NO2,Kartal,3,SON,Fall,mol/m2,"{""geodesic"":false,""type"":""Point"",""coordinates"":[29.172788851781462,40.922752768064804]}"
9_15,1.1344400999711213E-4,Sentinel-5P,2024-12-15,2024-08-15,,,NO2,Kartal,3,SON,Fall,mol/m2,"{""geodesic"":false,""type"":""Point"",""coordinates"":[29.199738310305047,40.922752768064804]}"
9_16,1.1155776398803636E-4,Sentinel-5P,2024-12-15,2024-08-15,,,NO2,Kartal,3,SON,Fall,mol/m2,"{""geodesic"":false,""type"":""Point"",""coordinates"":[29.226687768828633,40.922752768064804]}"
9_17,1.1419180604473644E-4,Sentinel-5P,2024-12-15,2024-08-15,,,NO2,Kartal,3,SON,Fall,mol/m2,"{""geodesic"":false,""type"":""Point"",""coordinates"":[29.25363722735222,40.922752768064804]}"
9_18,1.1163868492596164E-4,Sentinel-5P,2024-12-15,2024-08-15,,,NO2,Kartal,3,SON,Fall,mol/m2,"{""geodesic"":false,""type"":""Point"",""coordinates"":[29.280586685875804,40.922752768064804]}"
9_19,1.079305551398997E-4,Sentinel-5P,2024-12-15,2024-08-15,,,NO2,Kartal,3,SON,Fall,mol/m2,"{""geodesic"":false,""type"":""Point"",""coordinates"":[29.30753614439939,40.922752768064804]}"
9_20,1.0770614251283536E-4,Sentinel-5P,2024-12-15,2024-08-15,,,NO2,Kartal,3,SON,Fall,mol/m2,"{""geodesic"":false,""type"":""Point"",""coordinates"":[29.334485602922975,40.922752768064804]}"
9_21,1.1369423716098341E-4,Sentinel-5P,2024-12-15,2024-08-15,,,NO2,Kartal,3,SON,Fall,mol/m2,"{""geodesic"":false,""type"":""Point"",""coordinates"":[29.172788851781462,40.94970222658839]}"
9_22,1.0967759075177348E-4,Sentinel-5P,2024-12-15,2024-08-15,,,NO2,Kartal,3,SON,Fall,mol/m2,"{""geodesic"":false,""type"":""Point"",""coordinates"":[29.199738310305047,40.94970222658839]}"
9_23,1.0578076437991872E-4,Sentinel-5P,2024-12-15,2024-08-15,,,NO2,Kartal,3,SON,Fall,mol/m2,"{""geodesic"":false,""type"":""Point"",""coordinates"":[29.226687768828633,40.94970222658839]}"
9_24,1.0958082274110663E-4,Sentinel-5P,2024-12-15,2024-08-15,,,NO2,Kartal,3,SON,Fall,mol/m2,"{""geodesic"":false,""type"":""Point"",""coordinates"":[29.25363722735222,40.94970222658839]}"
9_25,1.0654008659812637E-4,Sentinel-5P,2024-12-15,2024-08-15,,,NO2,Kartal,3,SON,Fall,mol/m2,"{""geodesic"":false,""type"":""Point"",""coordinates"":[29.280586685875804,40.94970222658839]}"
9_26,1.0506208955359118E-4,Sentinel-5P,2024-12-15,2024-08-15,,,NO2,Kartal,3,SON,Fall,mol/m2,"{""geodesic"":false,""type"":""Point"",""coordinates"":[29.30753614439939,40.94970222658839]}"
9_27,1.050880225659094E-4,Sentinel-5P,2024-12-15,2024-08-15,,,NO2,Kartal,3,SON,Fall,mol/m2,"{""geodesic"":false,""type"":""Point"",""coordinates"":[29.334485602922975,40.94970222658839]}"
10_0,9.254200154456634E-5,Sentinel-5P,2024-12-15,2024-08-15,,,NO2,Kağıthane,3,SON,Fall,mol/m2,"{""geodesic"":false,""type"":""Point"",""coordinates"":[28.95719318359278,41.165297894777076]}"
10_1,9.210774321737935E-5,Sentinel-5P,2024-12-15,2024-08-15,,,NO2,Kağıthane,3,SON,Fall,mol/m2,"{""geodesic"":false,""type"":""Point"",""coordinates"":[28.984142642116364,41.165297894777076]}"
10_2,9.042899613881702E-5,Sentinel-5P,2024-12-15,2024-08-15,,,NO2,Kağıthane,3,SON,Fall,mol/m2,"{""geodesic"":false,""type"":""Point"",""coordinates"":[29.01109210063995,41.165297894777076]}"
10_3,9.267135120681001E-5,Sentinel-5P,2024-12-15,2024-08-15,,,NO2,Kağıthane,3,SON,Fall,mol/m2,"{""geodesic"":false,""type"":""Point"",""coordinates"":[29.038041559163535,41.165297894777076]}"
10_4,8.948029754825802E-5,Sentinel-5P,2024-12-15,2024-08-15,,,NO2,Kağıthane,3,SON,Fall,mol/m2,"{""geodesic"":false,""type"":""Point"",""coordinates"":[29.06499101768712,41.165297894777076]}"
10_5,8.970878662175804E-5,Sentinel-5P,2024-12-15,2024-08-15,,,NO2,Kağıthane,3,SON,Fall,mol/m2,"{""geodesic"":false,""type"":""Point"",""coordinates"":[29.091940476210706,41.165297894777076]}"
10_6,9.076450812485907E-5,Sentinel-5P,2024-12-15,2024-08-15,,,NO2,Kağıthane,3,SON,Fall,mol/m2,"{""geodesic"":false,""type"":""Point"",""coordinates"":[28.95719318359278,41.19224735330066]}"
10_7,8.688156819017931E-5,Sentinel-5P,2024-12-15,2024-08-15,,,NO2,Kağıthane,3,SON,Fall,mol/m2,"{""geodesic"":false,""type"":""Point"",""coordinates"":[28.984142642116364,41.19224735330066]}"
10_8,8.86072619441516E-5,Sentinel-5P,2024-12-15,2024-08-15,,,NO2,Kağıthane,3,SON,Fall,mol/m2,"{""geodesic"":false,""type"":""Point"",""coordinates"":[29.01109210063995,41.19224735330066]}"
10_9,8.872008644986484E-5,Sentinel-5P,2024-12-15,2024-08-15,,,NO2,Kağıthane,3,SON,Fall,mol/m2,"{""geodesic"":false,""type"":""Point"",""coordinates"":[29.038041559163535,41.19224735330066]}"
10_10,8.84784931197279E-5,Sentinel-5P,2024-12-15,2024-08-15,,,NO2,Kağıthane,3,SON,Fall,mol/m2,"{""geodesic"":false,""type"":""Point"",""coordinates"":[29.06499101768712,41.19224735330066]}"
10_11,8.857778299228442E-5,Sentinel-5P,2024-12-15,2024-08-15,,,NO2,Kağıthane,3,SON,Fall,mol/m2,"{""geodesic"":false,""type"":""Point"",""coordinates"":[29.091940476210706,41.19224735330066]}"
10_12,8.646927454661227E-5,Sentinel-5P,2024-12-15,2024-08-15,,,NO2,Kağıthane,3,SON,Fall,mol/m2,"{""geodesic"":false,""type"":""Point"",""coordinates"":[28.95719318359278,41.21919681182425]}"
10_13,8.672376039030655E-5,Sentinel-5P,2024-12-15,2024-08-15,,,NO2,Kağıthane,3,SON,Fall,mol/m2,"{""geodesic"":false,""type"":""Point"",""coordinates"":[28.984142642116364,41.21919681182425]}"
10_14,8.525977987475016E-5,Sentinel-5P,2024-12-15,2024-08-15,,,NO2,Kağıthane,3,SON,Fall,mol/m2,"{""geodesic"":false,""type"":""Point"",""coordinates"":[29.01109210063995,41.21919681182425]}"
10_15,8.508792049377324E-5,Sentinel-5P,2024-12-15,2024-08-15,,,NO2,Kağıthane,3,SON,Fall,mol/m2,"{""geodesic"":false,""type"":""Point"",""coordinates"":[29.038041559163535,41.21919681182425]}"
10_16,8.879593437695358E-5,Sentinel-5P,2024-12-15,2024-08-15,,,NO2,Kağıthane,3,SON,Fall,mol/m2,"{""geodesic"":false,""type"":""Point"",""coordinates"":[29.06499101768712,41.21919681182425]}"
10_17,8.698629079550882E-5,Sentinel-5P,2024-12-15,2024-08-15,,,NO2,Kağıthane,3,SON,Fall,mol/m2,"{""geodesic"":false,""type"":""Point"",""coordinates"":[29.091940476210706,41.21919681182425]}"
10_18,8.5105086760255E-5,Sentinel-5P,2024-12-15,2024-08-15,,,NO2,Kağıthane,3,SON,Fall,mol/m2,"{""geodesic"":false,""type"":""Point"",""coordinates"":[28.95719318359278,41.24614627034783]}"
10_19,8.684113358740049E-5,Sentinel-5P,2024-12-15,2024-08-15,,,NO2,Kağıthane,3,SON,Fall,mol/m2,"{""geodesic"":false,""type"":""Point"",""coordinates"":[28.984142642116364,41.24614627034783]}"
10_20,8.487021423887575E-5,Sentinel-5P,2024-12-15,2024-08-15,,,NO2,Kağıthane,3,SON,Fall,mol/m2,"{""geodesic"":false,""type"":""Point"",""coordinates"":[29.01109210063995,41.24614627034783]}"
10_21,8.495554603753653E-5,Sentinel-5P,2024-12-15,2024-08-15,,,NO2,Kağıthane,3,SON,Fall,mol/m2,"{""geodesic"":false,""type"":""Point"",""coordinates"":[29.038041559163535,41.24614627034783]}"
10_22,8.439648728238214E-5,Sentinel-5P,2024-12-15,2024-08-15,,,NO2,Kağıthane,3,SON,Fall,mol/m2,"{""geodesic"":false,""type"":""Point"",""coordinates"":[29.06499101768712,41.24614627034783]}"
10_23,8.343297100361779E-5,Sentinel-5P,2024-12-15,2024-08-15,,,NO2,Kağıthane,3,SON,Fall,mol/m2,"{""geodesic"":false,""type"":""Point"",""coordinates"":[29.091940476210706,41.24614627034783]}"
11_0,1.225367376225927E-4,Sentinel-5P,2024-12-15,2024-08-15,,,NO2,Üsküdar,3,SON,Fall,mol/m2,"{""geodesic"":false,""type"":""Point"",""coordinates"":[29.01109210063995,41.003601143635564]}"
11_1,1.2047517717057639E-4,Sentinel-5P,2024-12-15,2024-08-15,,,NO2,Üsküdar,3,SON,Fall,mol/m2,"{""geodesic"":false,""type"":""Point"",""coordinates"":[29.038041559163535,41.003601143635564]}"
11_2,1.1640397153441898E-4,Sentinel-5P,2024-12-15,2024-08-15,,,NO2,Üsküdar,3,SON,Fall,mol/m2,"{""geodesic"":false,""type"":""Point"",""coordinates"":[29.06499101768712,41.003601143635564]}"
11_3,1.1339596070921274E-4,Sentinel-5P,2024-12-15,2024-08-15,,,NO2,Üsküdar,3,SON,Fall,mol/m2,"{""geodesic"":false,""type"":""Point"",""coordinates"":[29.091940476210706,41.003601143635564]}"
11_4,1.1190893399542594E-4,Sentinel-5P,2024-12-15,2024-08-15,,,NO2,Üsküdar,3,SON,Fall,mol/m2,"{""geodesic"":false,""type"":""Point"",""coordinates"":[29.11888993473429,41.003601143635564]}"
11_5,1.1160299365505265E-4,Sentinel-5P,2024-12-15,2024-08-15,,,NO2,Üsküdar,3,SON,Fall,mol/m2,"{""geodesic"":false,""type"":""Point"",""coordinates"":[29.145839393257877,41.003601143635564]}"
11_6,1.1984054988248913E-4,Sentinel-5P,2024-12-15,2024-08-15,,,NO2,Üsküdar,3,SON,Fall,mol/m2,"{""geodesic"":false,""type"":""Point"",""coordinates"":[29.01109210063995,41.030550602159146]}"
11_7,1.165991639405678E-4,Sentinel-5P,2024-12-15,2024-08-15,,,NO2,Üsküdar,3,SON,Fall,mol/m2,"{""geodesic"":false,""type"":""Point"",""coordinates"":[29.038041559163535,41.030550602159146]}"
11_8,1.1204717855799617E-4,Sentinel-5P,2024-12-15,2024-08-15,,,NO2,Üsküdar,3,SON,Fall,mol/m2,"{""geodesic"":false,""type"":""Point"",""coordinates"":[29.06499101768712,41.030550602159146]}"
11_9,1.1228139734616109E-4,Sentinel-5P,2024-12-15,2024-08-15,,,NO2,Üsküdar,3,SON,Fall,mol/m2,"{""geodesic"":false,""type"":""Point"",""coordinates"":[29.091940476210706,41.030550602159146]}"
11_10,1.0847904687889278E-4,Sentinel-5P,2024-12-15,2024-08-15,,,NO2,Üsküdar,3,SON,Fall,mol/m2,"{""geodesic"":false,""type"":""Point"",""coordinates"":[29.11888993473429,41.030550602159146]}"
11_11,1.0857426150472671E-4,Sentinel-5P,2024-12-15,2024-08-15,,,NO2,Üsküdar,3,SON,Fall,mol/m2,"{""geodesic"":false,""type"":""Point"",""coordinates"":[29.145839393257877,41.030550602159146]}"
11_12,1.1673112623426157E-4,Sentinel-5P,2024-12-15,2024-08-15,,,NO2,Üsküdar,3,SON,Fall,mol/m2,"{""geodesic"":false,""type"":""Point"",""coordinates"":[29.01109210063995,41.057500060682734]}"
11_13,1.1588704189678011E-4,Sentinel-5P,2024-12-15,2024-08-15,,,NO2,Üsküdar,3,SON,Fall,mol/m2,"{""geodesic"":false,""type"":""Point"",""coordinates"":[29.038041559163535,41.057500060682734]}"
11_14,1.0861397028992802E-4,Sentinel-5P,2024-12-15,2024-08-15,,,NO2,Üsküdar,3,SON,Fall,mol/m2,"{""geodesic"":false,""type"":""Point"",""coordinates"":[29.06499101768712,41.057500060682734]}"
11_15,1.0526172544043387E-4,Sentinel-5P,2024-12-15,2024-08-15,,,NO2,Üsküdar,3,SON,Fall,mol/m2,"{""geodesic"":false,""type"":""Point"",""coordinates"":[29.091940476210706,41.057500060682734]}"
11_16,1.031010799923836E-4,Sentinel-5P,2024-12-15,2024-08-15,,,NO2,Üsküdar,3,SON,Fall,mol/m2,"{""geodesic"":false,""type"":""Point"",""coordinates"":[29.11888993473429,41.057500060682734]}"
11_17,9.998974798979851E-5,Sentinel-5P,2024-12-15,2024-08-15,,,NO2,Üsküdar,3,SON,Fall,mol/m2,"{""geodesic"":false,""type"":""Point"",""coordinates"":[29.145839393257877,41.057500060682734]}"
11_18,1.0868384866150887E-4,Sentinel-5P,2024-12-15,2024-08-15,,,NO2,Üsküdar,3,SON,Fall,mol/m2,"{""geodesic"":false,""type"":""Point"",""coordinates"":[29.01109210063995,41.084449519206316]}"
11_19,1.0459194705339789E-4,Sentinel-5P,2024-12-15,2024-08-15,,,NO2,Üsküdar,3,SON,Fall,mol/m2,"{""geodesic"":false,""type"":""Point"",""coordinates"":[29.038041559163535,41.084449519206316]}"
11_20,9.902625538003206E-5,Sentinel-5P,2024-12-15,2024-08-15,,,NO2,Üsküdar,3,SON,Fall,mol/m2,"{""geodesic"":false,""type"":""Point"",""coordinates"":[29.06499101768712,41.084449519206316]}"
11_21,9.579005488196204E-5,Sentinel-5P,2024-12-15,2024-08-15,,,NO2,Üsküdar,3,SON,Fall,mol/m2,"{""geodesic"":false,""type"":""Point"",""coordinates"":[29.091940476210706,41.084449519206316]}"
11_22,9.320406894780406E-5,Sentinel-5P,2024-12-15,2024-08-15,,,NO2,Üsküdar,3,SON,Fall,mol/m2,"{""geodesic"":false,""type"":""Point"",""coordinates"":[29.11888993473429,41.084449519206316]}"
11_23,9.220918149097383E-5,Sentinel-5P,2024-12-15,2024-08-15,,,NO2,Üsküdar,3,SON,Fall,mol/m2,"{""geodesic"":false,""type"":""Point"",""coordinates"":[29.145839393257877,41.084449519206316]}"
